{"OP_M_mean": {"gmbs": 4.4061189188898844e-05, "gm": 0.00017599325863095622, "gds": 0.0006558197410276888, "vdsat": 0.5718295441483008, "vth": 0.6952726744200878, "id": 8.611446320624866e-05, "ibd": -1.3244506609955395e-12, "ibs": -8.478330666522959e-14, "gbd": 1.0031466437060234e-12, "gbs": 1.000205264614697e-12, "isub": 1.4952801465619532e-14, "igidl": 4.8499062747148074e-14, "igisl": 0.0, "igs": 0.0, "igd": 0.0, "igb": 0.0, "igcs": 0.0, "vbs": -0.0847422192514913, "vgs": 1.2989960160263145, "vds": 1.2370229264366612, "cgg": 4.0290800603633576e-15, "cgs": -2.0105403206160618e-15, "cgd": -8.664979906258471e-16, "cbg": -9.634646366400348e-16, "cbd": -5.201399850406183e-16, "cbs": -4.177589119937144e-16, "cdg": -1.4064246102425576e-15, "cdd": 9.423804542236698e-16, "cds": 8.075850225002938e-16, "csg": -1.6591908134807721e-15, "csd": 4.442575214427944e-16, "css": 1.6207142101094855e-15, "cgb": -1.1520417491214582e-15, "cdb": -3.4354086648140465e-16, "csb": -4.0578091807150585e-16, "cbb": 1.9013635336743677e-15, "capbd": 3.671319901623461e-15, "capbs": 4.331648635467975e-15, "qg": 7.834285050487151e-15, "qb": -3.62931390957157e-15, "qs": -2.211200966005761e-15, "qinv": 3.9767888292166665e-15, "qdef": 0.0, "gcrg": 0.0, "gtau": 0.0}, "OP_M_std": {"gmbs": 6.903696338053344e-05, "gm": 0.0002981245515327093, "gds": 0.0012667942862349278, "vdsat": 0.5615365981654932, "vth": 0.08185346460498064, "id": 0.00013711111430333734, "ibd": 1.158503331758352e-12, "ibs": 2.2244393902100578e-13, "gbd": 6.045620959887881e-15, "gbs": 2.9426956599017005e-16, "isub": 1.9759472365599478e-13, "igidl": 1.2643329800127396e-13, "igisl": 0.0, "igs": 0.0, "igd": 0.0, "igb": 0.0, "igcs": 0.0, "vbs": 0.22231242950327318, "vgs": 1.1578336691795563, "vds": 1.105520546570207, "cgg": 2.823534659781636e-15, "cgs": 2.0737920473968455e-15, "cgd": 1.5672955358640838e-15, "cbg": 1.1480068592508106e-15, "cbd": 9.306230919097709e-16, "cbs": 5.655098057669123e-16, "cdg": 1.5205082597400317e-15, "cdd": 1.6783544967144724e-15, "cds": 1.0089108362755125e-15, "csg": 1.6679458141103463e-15, "csd": 8.17863147228054e-16, "css": 1.6410473535133484e-15, "cgb": 1.0576031977316872e-15, "cdb": 3.902503601346936e-16, "csb": 4.2318393784032918e-16, "cbb": 1.1375903575800459e-15, "capbd": 2.1921601027849236e-15, "capbs": 2.4530862909355844e-15, "qg": 7.744308772055133e-15, "qb": 2.674542290701791e-15, "qs": 3.1948184363604845e-15, "qinv": 6.183509991196643e-15, "qdef": 0.0, "gcrg": 0.0, "gtau": 0.0}}