{"OP_M_mean": {"gmbs": 5.733493502524324e-05, "gm": 0.0002558375767444777, "gds": 0.00038921476128188977, "vdsat": 0.3772927665247617, "vth": 0.7069126073188595, "id": 0.00010885756048675041, "ibd": -1.4768539140368934e-12, "ibs": -1.4489318354968493e-13, "gbd": 1.002031314924737e-12, "gbs": 1.0001541639748238e-12, "isub": 7.403871867745998e-14, "igidl": 7.646980198254041e-15, "igisl": 0.0, "igs": 0.0, "igd": 0.0, "igb": 0.0, "igcs": 0.0, "vbs": -0.14489252137234146, "vgs": 0.9820872977038858, "vds": 1.3304151328722111, "cgg": 3.976816394221588e-15, "cgs": -2.1832585259138336e-15, "cgd": -4.3572955520965977e-16, "cbg": -1.2240899076381502e-15, "cbd": -2.576236851005754e-16, "cbs": -5.115536225664352e-16, "cdg": -1.203632757835455e-15, "cdd": 4.857258281755221e-16, "cds": 9.945146739168265e-16, "csg": -1.5490937287479829e-15, "csd": 2.0762741213471163e-16, "css": 1.7002974745634364e-15, "cgb": -1.3578283130980977e-15, "cdb": -2.766077442568969e-16, "csb": -3.5883115795016406e-16, "cbb": 1.993267215305159e-15, "capbd": 3.5322869235566585e-15, "capbs": 4.2216940285399315e-15, "qg": 6.6175228167732e-15, "qb": -3.787436497726775e-15, "qs": -1.531246984104178e-15, "qinv": 2.5924274065239017e-15, "qdef": 0.0, "gcrg": 0.0, "gtau": 0.0}, "OP_M_std": {"gmbs": 6.492897226279359e-05, "gm": 0.0003062111397882802, "gds": 0.0011294253975739964, "vdsat": 0.3840296507118077, "vth": 0.03958809306476823, "id": 0.0001290513565087077, "ibd": 8.148425682264151e-13, "ibs": 3.0669132564886396e-13, "gbd": 3.554939848252172e-15, "gbs": 1.6607086040363715e-16, "isub": 1.052260612372207e-12, "igidl": 3.201246979460867e-14, "igisl": 0.0, "igs": 0.0, "igd": 0.0, "igb": 0.0, "igcs": 0.0, "vbs": 0.30669066287078095, "vgs": 0.9629068780168392, "vds": 0.812501451363919, "cgg": 2.6674488390250478e-15, "cgs": 2.2333657331268717e-15, "cgd": 1.2101147734864542e-15, "cbg": 1.2786754947552397e-15, "cbd": 6.852915340010164e-16, "cbs": 7.314322487075828e-16, "cdg": 1.3674854921156964e-15, "cdd": 1.2864272066965032e-15, "cds": 1.1270810523893313e-15, "csg": 1.6132187082143349e-15, "csd": 6.101777083257249e-16, "css": 1.7629108011622534e-15, "cgb": 1.2221025110460043e-15, "cdb": 3.331343552182853e-16, "csb": 4.13748843569767e-16, "cbb": 1.2721726928114555e-15, "capbd": 2.114525851557729e-15, "capbs": 2.366673557605926e-15, "qg": 6.422338902513962e-15, "qb": 2.299998148108418e-15, "qs": 2.752198734340161e-15, "qinv": 5.374632111643819e-15, "qdef": 0.0, "gcrg": 0.0, "gtau": 0.0}}