{"OP_M_mean": {"gmbs": 3.612095259174956e-05, "gm": 0.00016920836415100377, "gds": 0.0010169102834679524, "vdsat": 0.14072112509525928, "vth": 0.7536448972839425, "id": 2.4150443615063806e-05, "ibd": -8.400942935077668e-13, "ibs": -1.0730959822038796e-14, "gbd": 1.022352979085757e-12, "gbs": 1.091876576479496e-12, "isub": 4.8883183580543645e-14, "igidl": 1.52754624140967e-13, "igisl": 0.0, "igs": 0.0, "igd": 0.0, "igb": 0.0, "igcs": 0.0, "vbs": -0.009767199799791034, "vgs": 0.6732724570536279, "vds": 0.8269498915613158, "cgg": 4.597363251051227e-15, "cgs": -2.001223995832659e-15, "cgd": -8.041138849588705e-16, "cbg": -1.5350944451868615e-15, "cbd": -8.256225334947183e-16, "cbs": -1.5709270899768486e-16, "cdg": -1.39674961759086e-15, "cdd": 1.1013908151195266e-15, "cds": 6.24796564073686e-16, "csg": -1.6655191882735006e-15, "csd": 5.283456033340621e-16, "css": 1.5335201407566565e-15, "cgb": -1.7920253702596967e-15, "cdb": -3.2943776160235123e-16, "csb": -3.9634655581721996e-16, "cbb": 2.5178096876792677e-15, "capbd": 2.39475955560698e-15, "capbs": 3.1195017458365996e-15, "qg": 5.716729593046331e-15, "qb": -4.110725509871687e-15, "qs": -8.465256839301447e-16, "qinv": 0.0, "qdef": 0.0, "gcrg": 0.0, "gtau": 0.0}, "OP_M_std": {"gmbs": 4.62456366272621e-05, "gm": 0.00022880041563678788, "gds": 0.0022703897789534615, "vdsat": 0.1053593002024584, "vth": 0.04614269550482373, "id": 2.4763717149264947e-05, "ibd": 5.869915745102977e-13, "ibs": 1.941011062659811e-14, "gbd": 4.8619268314468815e-14, "gbs": 5.6126579021820594e-14, "isub": 1.1153738050328239e-13, "igidl": 3.8025127669521705e-13, "igisl": 0.0, "igs": 0.0, "igd": 0.0, "igb": 0.0, "igcs": 0.0, "vbs": 0.017949555202837805, "vgs": 0.5719678096591679, "vds": 0.5913973696991779, "cgg": 2.9397677452101502e-15, "cgs": 2.0929474298450337e-15, "cgd": 1.6140421919453597e-15, "cbg": 1.6024167511850453e-15, "cbd": 1.6093966032187573e-15, "cbs": 8.858725022409536e-16, "cdg": 1.5995482651895193e-15, "cdd": 2.1543126932881553e-15, "cds": 1.1332694135971618e-15, "csg": 1.739228486168899e-15, "csd": 1.069151134025664e-15, "css": 1.611417315447123e-15, "cgb": 1.4525734059669563e-15, "cdb": 3.679872609294601e-16, "csb": 4.073033548259938e-16, "cbb": 1.4459961928594706e-15, "capbd": 1.5082549022473199e-15, "capbs": 1.7300419726987196e-15, "qg": 3.936863275899603e-15, "qb": 2.317895316893813e-15, "qs": 1.26433196979492e-15, "qinv": 0.0, "qdef": 0.0, "gcrg": 0.0, "gtau": 0.0}}