{"OP_M_mean": {"gmbs": 2.9521831192319153e-05, "gm": 0.00014058641676380185, "gds": 0.0012538326925437071, "vdsat": 0.1882173677881625, "vth": 0.7455013002356161, "id": 1.6026802998698444e-05, "ibd": -7.327202856842111e-13, "ibs": -1.035045910346155e-14, "gbd": 1.0445369456202981e-12, "gbs": 1.122876203378658e-12, "isub": 4.6270052363489925e-14, "igidl": 1.7175418651068014e-13, "igisl": 0.0, "igs": 0.0, "igd": 0.0, "igb": 0.0, "igcs": 0.0, "vbs": -0.009920078347012504, "vgs": 0.7733671999693994, "vds": 0.7197091228968312, "cgg": 4.986651910818529e-15, "cgs": -2.2728390440260244e-15, "cgd": -1.0897448853761511e-15, "cbg": -1.2841752706192114e-15, "cbd": -1.0849762656820409e-15, "cbs": -1.4051002413236466e-16, "cdg": -1.7131838160136108e-15, "cdd": 1.4667981315451423e-15, "cds": 6.555384285346133e-16, "csg": -1.989292824185715e-15, "csd": 7.079230195130516e-16, "css": 1.7578106396237667e-15, "cgb": -1.6240679814163632e-15, "cdb": -4.0915274406614143e-16, "csb": -4.764408349511112e-16, "cbb": 2.509661560433614e-15, "capbd": 2.643874830798982e-15, "capbs": 3.335092665556131e-15, "qg": 6.6183012386940534e-15, "qb": -4.309210953198696e-15, "qs": -1.1985668702738874e-15, "qinv": 0.0, "qdef": 0.0, "gcrg": 0.0, "gtau": 0.0}, "OP_M_std": {"gmbs": 4.559557188802079e-05, "gm": 0.00022217285485891572, "gds": 0.0025275901148943, "vdsat": 0.19002658521109922, "vth": 0.05517341503064872, "id": 2.2740643075716463e-05, "ibd": 6.17111668545707e-13, "ibs": 2.7916689247750964e-14, "gbd": 8.305779212174686e-14, "gbs": 8.707706245483798e-14, "isub": 1.1067975589368488e-13, "igidl": 4.526409333423327e-13, "igisl": 0.0, "igs": 0.0, "igd": 0.0, "igb": 0.0, "igcs": 0.0, "vbs": 0.02686330078714983, "vgs": 0.6339365022798352, "vds": 0.6113669464399596, "cgg": 3.2540186910608083e-15, "cgs": 2.138888390266769e-15, "cgd": 1.883261531295532e-15, "cbg": 1.3436045939705627e-15, "cbd": 1.8254220884053946e-15, "cbs": 9.102206841567997e-16, "cdg": 1.8072576054048085e-15, "cdd": 2.4777711499439438e-15, "cds": 1.1555388576598106e-15, "csg": 1.896881719488936e-15, "csd": 1.2291984629682793e-15, "css": 1.654361425683032e-15, "cgb": 1.157759693969169e-15, "cdb": 4.283324964102308e-16, "csb": 4.500523388761805e-16, "cbb": 1.3000286306475877e-15, "capbd": 1.581662359646459e-15, "capbs": 1.7673577121556013e-15, "qg": 4.974662550169498e-15, "qb": 2.4558615310394837e-15, "qs": 1.6664897435996832e-15, "qinv": 0.0, "qdef": 0.0, "gcrg": 0.0, "gtau": 0.0}}